time_s,initial_mol,cumulative_inlet_mol,blood_free_mol,endothelium_free_mol,interstitium_free_mol,receptor_bound_mol,internalized_mol,cleared_or_degraded_mol,cumulative_outlet_mol,occupancy_fraction,applied_feedback_multiplier,scheduled_feedback_multiplier,balance_error_mol
0,1.1363371054780858e-17,0,1.1363371054780858e-17,0,0,0,0,0,0,0,1,1,0
60,1.1363371054780858e-17,0,1.0693941640073079e-17,6.4765957936652305e-19,9.8453575500460586e-21,1.5755149338592385e-23,1.6444527175404425e-25,1.9883493404290967e-24,1.1906569847262511e-20,0.0019363209594249844,1,1,1.5407439555097887e-33
120,1.1363371054780858e-17,0,1.0071332152503377e-17,1.2308625692044586e-18,3.7923894253002047e-20,1.1869490595156466e-22,2.5045003500714475e-24,1.5473769724942359e-23,2.3115765643996052e-20,0.014587702676230288,1,1,3.0814879110195774e-33
180,1.1363371054780858e-17,0,9.4920502621956869e-18,1.7550074389734574e-18,8.220076358149375e-20,3.7351022359179262e-22,1.2000668340853957e-23,5.0837110584798277e-23,3.3676242027703739e-20,0.045904717178956077,1,1,0
240,1.1363371054780858e-17,0,8.9528708437255698e-18,2.2250620564359187e-18,1.4083784793108273e-19,8.1427882864230216e-22,3.5618170739328951e-23,1.1738154516168619e-22,4.3633028143742958e-20,0.10007554538718087,1,0.97498111365320483,0
300,1.1363371054780858e-17,0,8.4508256313210035e-18,2.6473872794865525e-18,2.1039096100993928e-19,1.4355869729813013e-21,8.0847525597132306e-23,2.2293985212656118e-22,5.3027808612657586e-20,0.17643483315338188,0.97498111365320483,0.95589129171165454,0
360,1.1363371054780858e-17,0,7.9831839925848948e-18,3.0261989966172584e-18,2.8936561378096827e-19,2.1952701648671322e-21,1.5404480777915441e-22,3.7394255095083909e-22,6.1899194274139774e-20,0.26980052936853627,0.95589129171165454,0.93254986765786596,0
420,1.1363371054780858e-17,0,7.5474280468225854e-18,3.3660542336219289e-18,3.7574298854477337e-19,3.0277536974492292e-21,2.5922414276832145e-22,5.7584538001219437e-22,7.0282962571341398e-20,0.37211344801325941,0.93254986765786596,0.90697163799668512,0
480,1.1363371054780858e-17,0,7.1412392779156072e-18,3.6710229359363304e-18,4.6780660938309974e-19,3.8595108582494229e-21,3.9742062141850352e-22,8.3301915111053647e-22,7.8212280915042921e-20,0.47433709496176391,0.90697163799668512,0.881415726259559,1.5407439555097887e-33
540,1.1363371054780858e-17,0,6.7624805763006346e-18,3.9446087316387699e-18,5.6422149220135696e-19,4.6266515222211821e-21,5.6677690892766852e-22,1.1489139220546739e-21,8.5717912286890739e-20,0.56861932069967802,0.881415726259559,0.85784516982508052,3.0814879110195774e-33
600,1.1363371054780858e-17,0,6.4091788815531807e-18,4.1897475682256839e-18,6.6403984710971992e-19,5.286850282575916e-21,7.6325179103635711e-22,1.5262541271600631e-21,9.2828401691499055e-20,0.64975829752485592,0.85784516982508052,0.83756042561878608,3.0814879110195774e-33
660,1.1363371054780858e-17,0,6.0795092725219823e-18,4.4088797029073844e-18,7.6664018528250502e-19,5.8227832418669184e-21,9.8163699189301403e-22,1.9672292622550746e-21,9.9570244572968103e-20,0.71562490403044299,0.83756042561878608,0.82109377399238925,4.622231866529366e-33
720,1.1363371054780858e-17,0,5.7717810936518915e-18,4.6040644260260605e-18,8.7162911603892249e-19,6.2381890339797661e-21,1.2165400029023057e-21,2.4736509137508574e-21,1.0596803911334689e-19,0.76667862143090959,0.82109377399238925,0.8083303446422726,3.0814879110195774e-33
780,1.1363371054780858e-17,0,5.4844262702787617e-18,4.7770995820925559e-18,9.7874035512970561e-19,6.5500624044087907e-21,1.4630982012467855e-21,3.0470619377413588e-21,1.1204462473643347e-19,0.8050081180843629,0.8083303446422726,0.79874797047890933,4.622231866529366e-33
840,1.1363371054780858e-17,0,5.2159895709746041e-18,4.9296175755204096e-18,1.087755914558693e-18,6.7806383186755868e-21,1.7173471053968714e-21,3.6887992234668643e-21,1.1782120907960675e-19,0.83334608974926772,0.79874797047890933,0.79166347756268307,4.622231866529366e-33
900,1.1363371054780858e-17,0,4.9651203589992451e-18,5.0631464012314708e-18,1.1984590114696988e-18,6.9514836582421484e-21,1.9762924617410034e-21,4.4000216613844498e-21,1.2331748529906864e-19,0.85434312409742752,0.79166347756268307,0.78641421897564312,7.7037197775489434e-33
960,1.1363371054780858e-17,0,4.7305653543520363e-18,5.1791387229135637e-18,1.3106153596687989e-18,7.0803631001258837e-21,2.237795731692381e-21,5.1817179621907597e-21,1.2855174105243846e-19,0.87018251471159269,0.78641421897564312,0.78245437132210183,9.2444637330587321e-33
1020,1.1363371054780858e-17,0,4.5111620356269094e-18,5.2789794322784231e-18,1.4239731466809379e-18,7.1803912740481101e-21,2.5003822497501708e-21,6.0347066341659062e-21,1.3354096003661136e-19,0.88247606049374394,0.78245437132210183,0.77938098487656404,1.3866695599588098e-32
1080,1.1363371054780858e-17,0,4.3058324587115589e-18,5.3639828035243854e-18,1.5382716495131018e-18,7.2605421911492822e-21,2.7630483871157242e-21,6.9596358152970359e-21,1.3830091663824101e-19,0.89232667487795514,0.77938098487656404,0.77691833128051124,1.0785207688568521e-32
1140,1.1363371054780858e-17,0,4.1135773938379247e-18,5.435387246192549e-18,1.653251383823264e-18,7.326675199501386e-21,3.025105342545315e-21,7.956986300398018e-21,1.4284626408466811e-19,0.90045447661629441,0.77691833128051124,0.77488638084592643,7.7037197775489434e-33
1200,1.1363371054780858e-17,0,3.9334707585444297e-18,5.4943517579606279e-18,1.7686622255750564e-18,7.3825498087888989e-21,3.2860682591026969e-21,9.0270782103970982e-21,1.4719061642244512e-19,0.90732151257628224,0.77488638084592643,0.77316962185592941,1.0785207688568521e-32
1260,1.1363371054780858e-17,0,3.764654355818788e-18,5.5419552389380648e-18,1.8842685641556466e-18,7.4306067044947612e-21,3.5455841177488372e-21,1.0170080399261808e-20,1.5134662464684401e-19,0.91322774503402393,0.77316962185592941,0.77169306374149405,9.2444637330587321e-33
1320,1.1363371054780858e-17,0,3.6063329304993227e-18,5.5791982846142998e-18,1.999851896169036e-18,7.4724875390709672e-21,3.8033872391560501e-21,1.1386021400471984e-20,1.5532604731948973e-19,0.91837493444145635,0.77169306374149405,0.77040626638963594,9.2444637330587321e-33
1380,1.1363371054780858e-17,0,3.457769548922288e-18,5.60700659787004e-18,2.1152116684386362e-18,7.5093502942127033e-21,4.0592723064057207e-21,1.2674800927778684e-20,1.591398160214883e-19,0.92290539771216962,0.77040626638963594,0.76927365057195762,7.7037197775489434e-33
1440,1.1363371054780858e-17,0,3.3182812969282862e-18,5.6262352380073324e-18,2.2301650938003553e-18,7.5420510255306716e-21,4.3130777458113744e-21,1.4036201284204532e-20,1.6279809598933299e-19,0.92692434479281749,0.76927365057195762,0.76826891380179563,4.622231866529366e-33
1500,1.1363371054780858e-17,0,3.1872352839710654e-18,5.6376731722701462e-18,2.3445464354935555e-18,7.5712474117967894e-21,4.5646750430605339e-21,1.5469898319921202e-20,1.6631034227130933e-19,0.93051260495154997,0.76826891380179563,0.76737184876211251,3.0814879110195774e-33
1560,1.1363371054780858e-17,0,3.0640449369077719e-18,5.6420478223696726e-18,2.4582060511940489e-18,7.5974593262463296e-21,4.8139614875143163e-21,1.6975471769239105e-20,1.6968535172636256e-19,0.9337340710414318,0.76737184876211251,0.76656648223964208,3.0814879110195774e-33
1620,1.1363371054780858e-17,0,2.9481665653403469e-18,5.6400294511424178e-18,2.5710093510290523e-18,7.6211062152711874e-21,5.0608549802158851e-21,1.855241490499066e-20,1.7293131116856157e-19,0.93664029337293775,0.76656648223964208,0.76583992665676559,1.5407439555097887e-33
1680,1.1363371054780858e-17,0,2.8390961801585719e-18,5.6322353210816108e-18,2.6828357462797558e-18,7.6425316553925827e-21,5.3052901609268277e-21,2.0200143504097865e-20,1.7605584194049874e-19,0.93927349778632541,0.76583992665676559,0.76518162555341862,4.622231866529366e-33
1740,1.1363371054780858e-17,0,2.7363665474873813e-18,5.61923360061663e-18,2.7935776255101914e-18,7.6620204121323224e-21,5.5472154306084981e-21,2.191800414451236e-20,1.7906604117940054e-19,0.94166868220110311,0.76518162555341862,0.76458282944972422,0
1800,1.1363371054780858e-17,0,2.6395444611383155e-18,5.6015470150530692e-18,2.9031393752871949e-18,7.6798108034923509e-21,5.7865906123980433e-21,2.3705281865415529e-20,1.819685200209703e-19,0.94385513609795169,0.76458282944972422,0.76403621597551208,3.0814879110195774e-33
1860,1.1363371054780858e-17,0,2.548228217687026e-18,5.5796562487588173e-18,3.0114364531197651e-18,7.6961039353017161e-21,6.0233850844674923e-21,2.5561207227196712e-20,1.8476943896827951e-19,0.94585757555054828,0.76403621597551208,0.76353560611236293,6.1629758220391547e-33
1920,1.1363371054780858e-17,0,2.4620452793414772e-18,5.5540031095242355e-18,3.1183945154473047e-18,7.7110707517735933e-21,6.257576270635731e-21,2.7484962808989578e-20,1.8747454063643773e-19,0.94769700974488968,0.76353560611236293,0.76307574756377761,3.0814879110195774e-33
1980,1.1363371054780858e-17,0,2.3806501107823817e-18,5.5249934678698621e-18,3.2239486009637716e-18,7.7248575080062625e-21,6.4891484073573822e-21,2.9475689181167539e-20,1.9008918006830573e-19,0.94939141355421508,0.76307574756377761,0.7626521466114462,4.622231866529366e-33
2040,1.1363371054780858e-17,0,2.3037221771283651e-18,5.4929999847053205e-18,3.3280423681538716e-18,7.7375900747867221e-21,6.7180915273930311e-21,3.1532490388996497e-20,1.9261835280211684e-19,0.95095625660295036,0.7626521466114462,0.76226093584926247,6.1629758220391547e-33
2100,1.1363371054780858e-17,0,2.2309640910954789e-18,5.4583646407487674e-18,3.4306273851173202e-18,7.7493773633208626e-21,6.9444006154420632e-21,3.3654438982022969e-20,1.9506672085850049e-19,0.95240492416889577,0.76226093584926247,0.76189876895777608,4.622231866529366e-33
2160,1.1363371054780858e-17,0,2.1620998982816035e-18,5.4214010807860872e-18,3.5316624693107902e-18,7.7603140767476014e-21,7.1680749016843737e-21,3.5840580621953981e-20,1.9743863680198398e-19,0.95374905534660193,0.76189876895777608,0.76156273616334946,6.1629758220391547e-33
2220,1.1363371054780858e-17,0,2.0968734903112768e-18,5.382396785335497e-18,3.6311130746065429e-18,7.7704829401693414e-21,7.3891172669438704e-21,3.8089938299884786e-20,1.997381660205357e-19,0.95499881711996792,0.76156273616334946,0.76125029572000802,7.7037197775489434e-33
2280,1.1363371054780858e-17,0,2.0350471363272243e-18,5.3416150816724548e-18,3.7289507229720736e-18,7.7799565222930613e-21,7.6075337389441079e-21,4.0401516191824432e-20,2.0196910735603587e-19,0.95616312824344674,0.76125029572000802,0.76095921793913834,6.1629758220391547e-33
2340,1.1363371054780858e-17,0,1.9764001240138113e-18,5.2992970055136477e-18,3.825152478067534e-18,7.7887987341317381e-21,7.8233330634571774e-21,4.2774303179600013e-20,2.0413501220866845e-19,0.95724984343369679,0.76095921793913834,0.76068753914157583,6.1629758220391547e-33
2400,1.1363371054780858e-17,0,1.9207275019874081e-18,5.255663023988395e-18,3.9197004581060207e-18,7.7970660700994618e-21,8.0365263374465183e-21,4.520727606241629e-20,2.062392022290639e-19,0.95826590590120375,0.76068753914157583,0.76043352352469906,7.7037197775489434e-33
2460,1.1363371054780858e-17,0,1.867838915992195e-18,5.2109146298611093e-18,4.0125813854055647e-18,7.8048086419827471e-21,8.2471266938462678e-21,4.7699402482621385e-20,2.0828478570353268e-19,0.95921747442621519,0.76043352352469906,0.76019563139344615,4.622231866529366e-33
2520,1.1363371054780858e-17,0,1.8175575319000734e-18,5.165235816321211e-18,4.1037861701673433e-18,7.8120710451673232e-21,8.4551490295976631e-21,5.0249643587591669e-20,2.1027467272987087e-19,0.96011002981873339,0.76019563139344615,0.75997249254531662,4.622231866529366e-33
2580,1.1363371054780858e-17,0,1.7697190390329211e-18,5.1187944410348387e-18,4.1933095261328308e-18,7.8188930881042591e-21,8.6606097701161943e-21,5.2856956448101983e-20,2.1221158927394074e-19,0.96094846457050875,0.75997249254531662,0.75976288385737278,4.622231866529366e-33
2640,1.1363371054780858e-17,0,1.7241707278071534e-18,5.0717434875596251e-18,4.281149615897311e-18,7.8253104095867945e-21,8.8635266645926497e-21,5.552029625209224e-20,2.1409809019049276e-19,0.96173715871887611,0.75976288385737278,0.75956571032028097,3.0814879110195774e-33
2700,1.1363371054780858e-17,0,1.6807706361470058e-18,5.0242222316622451e-18,4.3673077237837882e-18,7.831355003465359e-21,9.0639186075120366e-21,5.8238618291377121e-20,2.1593657128545941e-19,0.96248004433466683,0.75956571032028097,0.75937998891633329,3.0814879110195774e-33
2760,1.1363371054780858e-17,0,1.6393867595266491e-18,4.9763573195490285e-18,4.4517879543072783e-18,7.8370556665850049e-21,9.2618054825621528e-21,6.1010879757568073e-20,2.1772928049117981e-19,0.96318066057409235,0.75937998891633329,0.75920483485647694,7.7037197775489434e-33
2820,1.1363371054780858e-17,0,1.5998963198843898e-18,4.9282637645225477e-18,4.5345969543824985e-18,7.8424383827180059e-21,9.457208025740491e-21,6.3836041362285523e-20,2.1947832822067291e-19,0.96384220086437922,0.75920483485647694,0.75903944978390525,6.1629758220391547e-33
2880,1.1363371054780858e-17,0,1.5621850890071361e-18,4.8800458681111666e-18,4.6157436575469177e-18,7.8475266528877221e-21,9.6501477049862043e-21,6.6713068795625393e-20,2.2118569696213203e-19,0.96446755350084734,0.75903944978390525,0.75888311162478816,6.1629758220391547e-33
2940,1.1363371054780858e-17,0,1.5261467623118891e-18,4.8317980712829931e-18,4.6952390485852341e-18,7.852341780591773e-21,9.8406466140875767e-21,6.9640934035810257e-20,2.2285325017024251e-19,0.96505933670107535,0.75888311162478816,0.75873516582473122,9.2444637330587321e-33
3000,1.1363371054780858e-17,0,1.4916823792552758e-18,4.7836057409491034e-18,4.7730959470499066e-18,7.8569031189229941e-21,1.00287273789638e-20,7.2618616521990444e-20,2.244827405066879e-19,0.96561992897627114,0.75873516582473122,0.75859501775593219,4.622231866529366e-33
3060,1.1363371054780858e-17,0,1.4586997868837928e-18,4.7355458965820338e-18,4.849328808275381e-18,7.8612282853728409e-21,1.0214413074707811e-20,7.5645104201264335e-20,2.2607581747829674e-19,0.96615149553078972,0.75859501775593219,0.75846212611730257,6.1629758220391547e-33
3120,1.1363371054780858e-17,0,1.4271131432981237e-18,4.6876878814229236e-18,4.9239535405808536e-18,7.8653333491203464e-21,1.0397727152015954e-20,7.871939446015621e-20,2.2763403451765619e-19,0.96665601128010092,0.75846212611730257,0.7583359971799748,9.2444637330587321e-33
3180,1.1363371054780858e-17,0,1.3968424580462092e-18,4.6400939824224344e-18,4.9969873374478854e-18,7.8692329948120376e-21,1.0578693371829465e-20,8.1840494950015855e-20,2.2915885554766701e-19,0.96713528097947832,0.7583359971799748,0.75821617975513045,4.622231866529366e-33
3240,1.1363371054780858e-17,0,1.3678131666830702e-18,4.5928200027558002e-18,5.0684485235451185e-18,7.87294066618661e-21,1.0757335747179899e-20,8.5007424315087438e-20,2.3065166106841206e-19,0.96759095687559049,0.75821617975513045,0.75810226078110232,3.0814879110195774e-33
3300,1.1363371054780858e-17,0,1.3399557369420388e-18,4.54591579046908e-18,5.1383564135528318e-18,7.8764686923635766e-21,1.0933678491370659e-20,8.8219212831331145e-20,2.3211375380184087e-19,0.96802455422748146,0.75810226078110232,0.75799386144312964,1.5407439555097887e-33
3360,1.1363371054780858e-17,0,1.3132053041533225e-18,4.4994257265507624e-18,5.2067311828152712e-18,7.8798283991744077e-21,1.1107745971745509e-20,9.1474902963462843e-20,2.3354636392711745e-19,0.9684374649892602,0.75799386144312964,0.75789063375268495,3.0814879110195774e-33
3420,1.1363371054780858e-17,0,1.2875013337227828e-18,4.4533891754788802e-18,5.2735937489191194e-18,7.8830302075500497e-21,1.1279562668395098e-20,9.4773549847107107e-20,2.3495065393702128e-19,0.96883096990200834,0.75789063375268495,0.75779225752449797,3.0814879110195774e-33
3480,1.1363371054780858e-17,0,1.2627873086475622e-18,4.4078409010675123e-18,5.338965663361919e-18,7.8860837206757444e-21,1.1449153137237828e-20,9.8114221702428551e-20,2.3632772314352094e-19,0.96920624920518061,0.75779225752449797,0.75769843769870482,0
3540,1.1363371054780858e-17,0,1.2390104401967044e-18,4.3628114502266842e-18,5.4028690125354563e-18,7.8889978013712316e-21,1.1616541976984132e-20,1.0149600018511704e-19,2.3767861185853584e-19,0.96956439214669543,0.75769843769870482,0.75760890196332609,4.622231866529366e-33
3600,1.1363371054780858e-17,0,1.2161214000250917e-18,4.3183275070551768e-18,5.4653263273059817e-18,7.8917806409430552e-21,1.1781753799555369e-20,1.0491798068014722e-19,2.3900430527395606e-19,0.96990640544494067,0.75760890196332609,0.75752339863876483,4.622231866529366e-33
3660,1.1363371054780858e-17,0,1.1940740721187244e-18,4.2744122195054392e-18,5.5263605005260217e-18,7.8944398205777594e-21,1.1944813203581958e-20,1.0837927254331313e-19,2.4030573706319357e-19,0.97023322083404917,0.75752339863876483,0.75744169479148771,4.622231866529366e-33
3720,1.1363371054780858e-17,0,1.1728253230893526e-18,4.2310855006927924e-18,5.5859947118618386e-18,7.8969823661952856e-21,1.2105744750651302e-20,1.1187899929515031e-19,2.4158379272487049e-19,0.97054570180542599,0.75744169479148771,0.75736357454864356,6.1629758220391547e-33
3780,1.1363371054780858e-17,0,1.152334789447487e-18,4.1883643067663392e-18,5.6442523593662452e-18,7.8994147975549446e-21,1.2264572944015578e-20,1.15416298771496e-19,2.4283931268771393e-19,0.97084464964291384,0.75736357454864356,0.75728883758927157,7.7037197775489434e-33
3840,1.1363371054780858e-17,0,1.1325646805855069e-18,4.1462628931157087e-18,5.7011569972689315e-18,7.9017431722992807e-21,1.2421322209503948e-20,1.189903232346075e-19,2.4407309519429671e-19,0.97113080883582037,0.75728883758927157,0.75721729779104496,4.622231866529366e-33
3900,1.1363371054780858e-17,0,1.1134795962976045e-18,4.1047930505549757e-18,5.7567322794959303e-18,7.9039731255295688e-21,1.2576016878413209e-20,1.2260023944844796e-19,2.4528589897995352e-19,0.9714048719427798,0.75721729779104496,0.75714878201430502,3.0814879110195774e-33
3960,1.1363371054780858e-17,0,1.0950463577511902e-18,4.0639643230022469e-18,5.8110019084663675e-18,7.9061099054289199e-21,1.2728681172177112e-20,1.2624522872146736e-19,2.4647844576197467e-19,0.97166748396986202,0.75714878201430502,0.75708312900753449,4.622231866529366e-33
4020,1.1363371054780858e-17,0,1.0772338509056886e-18,4.0237842080595526e-18,5.8639895887485924e-18,7.9081584053823159e-21,1.2879339188636761e-20,1.2992448691993901e-19,2.4765142255305854e-19,0.97191924631815196,0.75708312900753449,0.75702018842046204,7.7037197775489434e-33
4080,1.1363371054780858e-17,0,1.0600128814498816e-18,3.9842583417923723e-18,5.9157189851892305e-18,7.9101231929857502e-21,1.3028014889754524e-20,1.3363722445467324e-19,2.4880548381195517e-19,0.97216072034899648,0.75702018842046204,0.75695981991275085,6.1629758220391547e-33
4140,1.1363371054780858e-17,0,1.0433560403985333e-18,3.9453906689106057e-18,5.9662136851578212e-18,7.9120085362875576e-21,1.3174732090630891e-20,1.3738266624369907e-19,2.4994125344327496e-19,0.97239243060908642,0.75695981991275085,0.75690189234772842,4.622231866529366e-33
4200,1.1363371054780858e-17,0,1.027237579553384e-18,3.9071835994625518e-18,6.0154971645768174e-18,7.9138184275626337e-21,1.3319514449698982e-20,1.4116005165330321e-19,2.5105932665753503e-19,0.97261486775232742,0.75690189234772842,0.75684628306191815,3.0814879110195774e-33
4260,1.1363371054780858e-17,0,1.011633296093166e-18,3.8696381530698672e-18,6.0635927574316351e-18,7.9155566048838175e-21,1.3462385459984738e-20,1.4496863441961768e-19,2.5216027170169783e-19,0.97282849119098058,0.75684628306191815,0.75679287720225485,4.622231866529366e-33
4320,1.1363371054780858e-17,0,9.9652042561234956e-19,3.8327540916542506e-18,6.1105236284787373e-18,7.9172265717228422e-21,1.360336844133242e-20,1.4880768255277336e-19,2.5324463146968821e-19,0.97303373150463646,0.75679287720225485,0.75674156712384089,3.0814879110195774e-33
4380,1.1363371054780858e-17,0,9.8187754297928159e-19,3.7965300415350009e-18,6.1563127488911417e-18,7.9188316147860243e-21,1.3742486533505548e-20,1.5267647822547171e-19,2.5431292500166844e-19,0.97323099263223534,0.75674156712384089,0.75669225184194122,1.5407439555097887e-33
4440,1.1363371054780858e-17,0,9.6768447043152971e-19,3.7609636057104208e-18,6.2009828746006831e-18,7.9203748202657679e-21,1.3879762690082514e-20,1.5657431764767469e-19,2.5536564888019966e-19,0.97342065386939092,0.75669225184194122,0.75664483653265224,0
4500,1.1363371054780858e-17,0,9.5392219236979787e-19,3.7260514670748051e-18,6.244556527114725e-18,7.9218590886683086e-21,1.4015219673074177e-20,1.6050051092897538e-19,2.5640327853080968e-19,0.97360307169073212,0.75664483653265224,0.75659923207731694,3.0814879110195774e-33
4560,1.1363371054780858e-17,0,9.4057277635215704e-19,3.6917894832660542e-18,6.2870559766020775e-18,7.9232871483598359e-21,1.4148880048197997e-20,1.6445438193007892e-19,2.5742626943392829e-19,0.97377858141473328,0.75659923207731694,0.75655535464631662,4.622231866529366e-33
4620,1.1363371054780858e-17,0,9.2761929982759078e-19,3.6581727737865469e-18,6.3285032270586632e-18,7.9246615679572934e-21,1.4280766180749725e-20,1.6843526810470777e-19,2.584350582546377e-19,0.97394749872655351,0.75655535464631662,0.75651312531836168,4.622231866529366e-33
4680,1.1363371054780858e-17,0,9.1504578218239621e-19,3.6251957999913951e-18,6.3689200033780352e-18,7.925984767676202e-21,1.4410900232019221e-20,1.7244252033313365e-19,2.5943006389619906e-19,0.97411012107269357,0.75651312531836168,0.75647246973182658,3.0814879110195774e-33
4740,1.1363371054780858e-17,0,9.0283712170487687e-19,3.5928524384933446e-18,6.4083277401653781e-18,7.9272590297356343e-21,1.4539304156202266e-20,1.7647550274843625e-19,2.6041168848288063e-19,0.97426672893977573,0.75647246973182658,0.75643331776505607,6.1629758220391547e-33
4800,1.1363371054780858e-17,0,8.9097903710330362e-19,3.5611360484920599e-18,6.4467475721461196e-18,7.9284865079096525e-21,1.4665999697764593e-20,1.8053359255649733e-19,2.6138031827719707e-19,0.97441758702842407,0.75643331776505607,0.75639560324289401,7.7037197775489434e-33
4860,1.1363371054780858e-17,0,8.7945801323941936e-19,3.5300395334971607e-18,6.4842003260318069e-18,7.9296692363051192e-21,1.4791008389218557e-20,1.8461617985065007e-19,2.6233632453629432e-19,0.97456294533206378,0.75639560324289401,0.75635926366698403,1.5407439555097887e-33
4920,1.1363371054780858e-17,0,8.6826125076503126e-19,3.4995553978788431e-18,6.5207065137165803e-18,7.9308091374373047e-21,1.4914351549276535e-20,1.8872266742182572e-19,2.6328006431186085e-19,0.97470304012942111,0.75635926366698403,0.75632423996764475,4.622231866529366e-33
4980,1.1363371054780858e-17,0,8.573766193726072e-19,3.4696757986471015e-18,6.5562863266875395e-18,7.9319080296674684e-21,1.5036050281348254e-20,1.9285247056496494e-19,2.6421188119762358e-19,0.97483809489860707,0.75632423996764475,0.75629047627534818,4.622231866529366e-33
5040,1.1363371054780858e-17,0,8.4679261439239361e-19,3.4403925928301461e-18,6.5909596315413221e-18,7.9329676340598633e-21,1.5156125472352367e-20,1.9700501688239365e-19,2.6513210602818504e-19,0.97496832115985033,0.75629047627534818,0.75625791971003742,6.1629758220391547e-33
5100,1.1363371054780858e-17,0,8.3649831648858829e-19,3.4116973807945331e-18,6.6247459665077244e-18,7.933989580709923e-21,1.5274597791815248e-20,2.0117974608480206e-19,2.6604105753267914e-19,0.97509391925323541,0.75625791971003742,0.75622652018669112,6.1629758220391547e-33
5160,1.1363371054780858e-17,0,8.2648335422558218e-19,3.3835815458235703e-18,6.6576645388890022e-18,7.9349754145901794e-21,1.5391487691232146e-20,2.0537610979040618e-19,2.6693904294646916e-19,0.97521507905717175,0.75622652018669112,0.75619623023570703,6.1629758220391547e-33
5220,1.1363371054780858e-17,0,8.1673786929239679e-19,3.3560362902464497e-18,6.6897342233306933e-18,7.9359266009558693e-21,1.5506815403668309e-20,2.0959357132281952e-19,2.6782635858387121e-19,0.97533198065274684,0.75619623023570703,0.75616700483681332,4.622231866529366e-33
5280,1.1363371054780858e-17,0,8.0725248418927275e-19,3.3290526683884203e-18,6.7209735608464553e-18,7.9368445303480993e-21,1.5620600943579397e-20,2.1383160550811321e-19,2.6870329037466636e-19,0.97544479493861924,0.75616700483681332,0.75613880126534516,1.5407439555097887e-33
5340,1.1363371054780858e-17,0,7.980182721950053e-19,3.3026216165916993e-18,6.7514007585256306e-18,7.9377305232287538e-21,1.5732864106832349e-20,2.1808969847149846e-19,2.6957011436696123e-19,0.97555368420065314,0.75613880126534516,0.75611157894983672,1.5407439555097887e-33
5400,1.1363371054780858e-17,0,7.8902672944716044e-19,3.2767339805378435e-18,6.781033689857869e-18,7.9385858342781698e-21,1.5843624470909519e-20,2.223673474340234e-19,2.7042709719876996e-19,0.97565880264010552,0.75611157894983672,0.75608529933997359,4.622231866529366e-33
5460,1.1363371054780858e-17,0,7.8026974897983793e-19,3.2513805400847295e-18,6.8098898956144743e-18,7.9394116563835144e-21,1.59529013952802e-20,2.2666406050963892e-19,2.7127449654051173e-19,0.9757602968638015,0.75608529933997359,0.75605992578404968,3.0814879110195774e-33
5520,1.1363371054780858e-17,0,7.7173959657523261e-19,3.2265520318150201e-18,6.8379865852309217e-18,7.9402091243433929e-21,1.6060714021925169e-20,2.3097935650295206e-19,2.7211256151046236e-19,0.97585830633943371,0.75605992578404968,0.75603542341514163,0
5580,1.1363371054780858e-17,0,7.6342888829596396e-19,3.2022391694779921e-18,6.8653406386395895e-18,7.9409793183116665e-21,1.6167081276000815e-20,2.3531276470795547e-19,2.7294153306504371e-19,0.97595296381881014,0.75603542341514163,0.75601175904529749,0
5640,1.1363371054780858e-17,0,7.5533056957506807e-19,3.1784326624927023e-18,6.8919686085057668e-18,7.9417232670015179e-21,1.6272021866630935e-20,2.3966382470798946e-19,2.7376164436570066e-19,0.97604439573163682,0.75601175904529749,0.75598890106709082,3.0814879110195774e-33
5700,1.1363371054780858e-17,0,7.4743789574970659e-19,3.1551232326676097e-18,6.9178867228239097e-18,7.9424419506688446e-21,1.6375554287814562e-20,2.4403208617716714e-19,2.7457312112398413e-19,0.97613272255217864,0.75598890106709082,0.75596681936195531,3.0814879110195774e-33
5760,1.1363371054780858e-17,0,7.3974441393314703e-19,3.1323016292799291e-18,6.9431108878346401e-18,7.9431363038922741e-21,1.6477696819439986e-20,2.4841710868347022e-19,2.7537618192634181e-19,0.97621805914092674,0.75596681936195531,0.75594548521476834,1.5407439555097887e-33
5820,1.1363371054780858e-17,0,7.3224394612741058e-19,3.1099586426469586e-18,6.9676566912262289e-18,7.9438072181657712e-21,1.6578467528395131e-20,2.5281846149369455e-19,2.7617103854001101e-19,0.97630051506323057,0.75594548521476834,0.75592487123419239,6.1629758220391547e-33
5880,1.1363371054780858e-17,0,7.2493057348624646e-19,3.0880851163115437e-18,6.9915394055872796e-18,7.944455544318173e-21,1.6677884269765751e-20,2.5723572338041207e-19,2.7695789620130003e-19,0.97638019488666228,0.75592487123419239,0.75590495127833446,9.2444637330587321e-33
5940,1.1363371054780858e-17,0,7.1779862164481765e-19,3.0666719579543927e-18,7.0147739920802242e-18,7.94508209477294e-21,1.6775964688113328e-20,2.6166848243108724e-19,2.7773695388745743e-19,0.9764571984587409,0.75590495127833446,0.75588570038531477,7.7037197775489434e-33
6000,1.1363371054780858e-17,0,7.1084264703868656e-19,3.045710149137342e-18,7.0373751043076331e-18,7.945687645660156e-21,1.6872726218825331e-20,2.6611633585947598e-19,2.7850840457323901e-19,0.97653162116649916,0.75588570038531477,0.75586709470837521,6.1629758220391547e-33
6060,1.1363371054780858e-17,0,7.0405742414045217e-19,3.0251907539735969e-18,7.0593570923458824e-18,7.9462729387918197e-21,1.696818608953087e-20,2.7057888981941399e-19,2.792724354732001e-19,0.97660355417924893,0.75586709470837521,0.75584911145518774,1.0785207688568521e-32
6120,1.1363371054780858e-17,0,6.9743793354769854e-19,3.0051049268136111e-18,7.080734006922712e-18,7.9468386835105953e-21,1.7062361321575613e-20,2.7505575922109057e-19,2.800292282706701e-19,0.97667308467579372,0.75584911145518774,0.75583172883105154,1.0785207688568521e-32
6180,1.1363371054780858e-17,0,6.9097935086084289e-19,2.9854439190283904e-18,7.1015196037174867e-18,7.9473855584212541e-21,1.7155268731549962e-20,2.7954656754988762e-19,2.8077895933429186e-19,0.97674029605722434,0.75583172883105154,0.75581492598569389,9.2444637330587321e-33
6240,1.1363371054780858e-17,0,6.8467703629402458e-19,2.9661990849656938e-18,7.1217273477644709e-18,7.9479142130133544e-21,1.7246924932865305e-20,2.8405094668785114e-19,2.8152179992295201e-19,0.97680526814634783,0.75581492598569389,0.75579868296341302,1.3866695599588098e-32
6300,1.1363371054780858e-17,0,6.7852652496638449e-19,2.9473618871487208e-18,7.1413704179414924e-18,7.9484252691829627e-21,1.733734633737321e-20,2.8856853673785355e-19,2.8225791637986142e-19,0.97686807737470793,0.75579868296341302,0.75578298065632299,1.2325951644078309e-32
6360,1.1363371054780858e-17,0,6.7252351782498793e-19,2.928923900781529e-18,7.1604617115276785e-18,7.9489193226606193e-21,1.7426549157023008e-20,2.9309898585049397e-19,2.8298747031649654e-19,0.97692879695808377,0.75578298065632299,0.75576780076047911,1.2325951644078309e-32
6420,1.1363371054780858e-17,0,6.6666387315424421e-19,2.9108768176203547e-18,7.1790138488155326e-18,7.949396944352172e-21,1.7514549405553671e-20,2.9764195005377259e-19,2.8371061878705823e-19,0.97698749706127885,0.75576780076047911,0.75575312573468034,1.2325951644078309e-32
6480,1.1363371054780858e-17,0,6.6094359863001791e-19,2.8932124492654538e-18,7.1970391777639599e-18,7.9498586815985302e-21,1.7601362900215835e-20,3.0219709308556928e-19,2.844275144540573e-19,0.97704424495294628,0.75575312573468034,0.75573893876176346,1.3866695599588098e-32
6540,1.1363371054780858e-17,0,6.5535884387971284e-19,2.8759227299237718e-18,7.2145497786799638e-18,7.9503050593600185e-21,1.7687005263520473e-20,3.0676408622894695e-19,2.8513830574559623e-19,0.97709910515114662,0.75573893876176346,0.7557252237122134,1.3866695599588098e-32
6600,1.1363371054780858e-17,0,6.4990589351246149e-19,2.8589997186888439e-18,7.231557468918063e-18,7.9507365813304291e-21,1.7771491925010853e-20,3.1134260815029383e-19,2.8584313700487234e-19,0.97715213956026592,0.7557252237122134,0.75571196510993355,1.6948183510607676e-32
6660,1.1363371054780858e-17,0,6.4458116058620308e-19,2.8424356013806495e-18,7.2480738075872768e-18,7.9511537309856171e-21,1.7854838123054619e-20,3.1593234474031332e-19,2.865421486323925e-19,0.97720340759988888,0.75571196510993355,0.75569914810002781,1.8488927466117464e-32
6720,1.1363371054780858e-17,0,6.3938118048087675e-19,2.8262226919848126e-18,7.2641101002567464e-18,7.9515569725710018e-21,1.7937058906653215e-20,3.2053298895786235e-19,2.8723547722135382e-19,0.97725296632616387,0.75569914810002781,0.755686758418459,1.8488927466117464e-32
6780,1.1363371054780858e-17,0,6.3430260514921602e-19,2.8103534337274098e-18,7.2796774036517038e-18,7.9519467520321032e-21,1.801816913726582e-20,3.2514424067663624e-19,2.8792325568661423e-19,0.9773008705461661,0.755686758418459,0.75567478236345842,2.1570415377137042e-32
6840,1.1363371054780858e-17,0,6.2934219771872901e-19,2.7948203998187861e-18,7.294786530332491e-18,7.9523234978918263e-21,1.8098183490645531e-20,3.2976580653469142e-19,2.8860561338764584e-19,0.97734717292571716,0.75567478236345842,0.75566320676857068,2.311115933264683e-32
6900,1.1363371054780858e-17,0,6.24496827420388e-19,2.7796162938971195e-18,7.3094480533499761e-18,7.9526876220780328e-21,1.8177116458685393e-20,3.3439739978679379e-19,2.892826762458368e-19,0.97739192409109377,0.75566320676857068,0.75565201897722656,2.0029671421627253e-32
6960,1.1363371054780858e-17,0,6.1976346482134157e-19,2.7647339502000465e-18,7.3236723108714509e-18,7.953039520704617e-21,1.8254982351272139e-20,3.3903874015957828e-19,2.8995456685648202e-19,0.97743517272502312,0.75565201897722656,0.75564120681874425,1.8488927466117464e-32
7020,1.1363371054780858e-17,0,6.1513917734062627e-19,2.7501663334903651e-18,7.3374694107716517e-18,7.9533795748090862e-21,1.8331795298145777e-20,3.4368955370949875e-19,2.906214045957806e-19,0.97747696565733189,0.75564120681874425,0.75563075858566697,1.6948183510607676e-32
7080,1.1363371054780858e-17,0,6.1062112502838776e-19,2.7359065387597663e-18,7.3508492351842343e-18,7.9537081510494174e-21,1.8407569250763178e-20,3.4834957268354614e-19,2.9128330572313338e-19,0.97751734795059042,0.75563075858566697,0.75562066301235242,2.311115933264683e-32
7140,1.1363371054780858e-17,0,6.0620655659054779e-19,2.7219477907326228e-18,7.3638214450094511e-18,7.9540256023627888e-21,1.8482317984163925e-20,3.5301853538271125e-19,2.9194038347901659e-19,0.9775563629810714,0.75562066301235242,0.75561090925473218,1.8488927466117464e-32
7200,1.1363371054780858e-17,0,6.018928056421654e-19,2.7082834431900591e-18,7.3763954843743743e-18,7.954332268588573e-21,1.8556055098837004e-20,3.5769618602816314e-19,2.9259274817868745e-19,0.9775940525153165,0.75561090925473218,0.7556014868711709,1.6948183510607676e-32
7260,1.1363371054780858e-17,0,5.9767728717395999e-19,2.694906978132895e-18,7.3885805850422952e-18,7.9546284770578097e-21,1.862879402258676e-20,3.6238227463011514e-19,2.9324050730195883e-19,0.97763045678258276,0.7556014868711709,0.75559238580435428,9.2444637330587321e-33
7320,1.1363371054780858e-17,0,5.9355749421759469e-19,2.6818120048005558e-18,7.4003857707685552e-18,7.9549145431512607e-21,1.8700548012396918e-20,3.6707655685934494e-19,2.9388376557926753e-19,0.97766561454342826,0.75559238580435428,0.75558359636414296,9.2444637330587321e-33
7380,1.1363371054780858e-17,0,5.8953099469635535e-19,2.6689922585615981e-18,7.4118198616002125e-18,7.9551907708279274e-21,1.8771330156291336e-20,3.7177879392133817e-19,2.9452262507424131e-19,0.97769956315466688,0.75558359636414296,0.75557510921133331,7.7037197775489434e-33
7440,1.1363371054780858e-17,0,5.855954284488381e-19,2.6564415996902575e-18,7.4228914781174726e-18,7.9554574531258854e-21,1.8841153375190458e-20,3.7648875243302049e-19,2.9515718526295979e-19,0.97773233863092202,0.75557510921133331,0.7555669153422695,7.7037197775489434e-33
7500,1.1363371054780858e-17,0,5.8174850441413838e-19,2.6441540120421904e-18,7.4336090456150072e-18,7.9557148726370431e-21,1.8910030424762329e-20,3.8120620430204063e-19,2.9578754311008919e-19,0.97776397570297435,0.7555669153422695,0.75555900607425641,6.1629758220391547e-33
7560,1.1363371054780858e-17,0,5.7798799796787833e-19,2.6321236016415188e-18,7.4439807982216154e-18,7.9559633019574374e-21,1.8977973897267295e-20,3.8593092660857089e-19,2.9641379314205829e-19,0.9777945078731034,0.75555900607425641,0.75555137303172415,9.2444637330587321e-33
7620,1.1363371054780858e-17,0,5.7431174839916149e-19,2.6203445951902296e-18,7.4540147829569437e-18,7.9562030041144868e-21,1.9044996223395415e-20,3.9066270148958532e-19,2.9703602751743637e-19,0.97782396746759792,0.75555137303172415,0.75554400813310052,7.7037197775489434e-33
7680,1.1363371054780858e-17,0,5.7071765651926819e-19,2.6088113385100906e-18,7.4637188637241998e-18,7.9564342329725793e-21,1.9111109674095823e-20,3.9540131602557776e-19,2.9765433609465627e-19,0.97785238568660215,0.75554400813310052,0.75553690357834946,1.5407439555097887e-33
7740,1.1363371054780858e-17,0,5.6720368239355033e-19,2.5975182949263398e-18,7.473100725238049e-18,7.9566572336182383e-21,1.9176326362397305e-20,4.0014656212968189e-19,2.9826880649722322e-19,0.97787979265145375,0.75553690357834946,0.75553005183713662,0
7800,1.1363371054780858e-17,0,5.6376784318859921e-19,2.5864600436016349e-18,7.4821678768869917e-18,7.956872242726083e-21,1.9240658245219292e-20,4.0489823643915305e-19,2.9887952417653616e-19,0.97790621744966033,0.75553005183713662,0.75552344563758489,3.0814879110195774e-33
7860,1.1363371054780858e-17,0,5.6040821112732836e-19,2.5756312778280177e-18,7.4909276565298164e-18,7.9570794889066431e-21,1.9304117125172769e-20,4.0965614020917346e-19,2.9948657247244401e-19,0.97793168817764609,0.75552344563758489,0.75551707795558842,0
7920,1.1363371054780858e-17,0,5.5712291154512207e-19,2.5650268032839398e-18,7.4993872342258241e-18,7.9572791930371187e-21,1.9366714652350383e-20,4.1442007920893825e-19,3.0009003267164753e-19,0.9779562319814028,0.75551707795558842,0.7555109420046493,0
7980,1.1363371054780858e-17,0,5.5391012104070101e-19,2.5546415362628153e-18,7.5075536158986203e-18,7.9574715685759976e-21,1.9428462326105351e-20,4.1918986361998737e-19,3.0068998406405463e-19,0.97797987509515605,0.7555109420046493,0.75550503122621104,3.0814879110195774e-33
8040,1.1363371054780858e-17,0,5.5076806571579242e-19,2.5444705018789634e-18,7.515433646933501e-18,7.9576568218624833e-21,1.9489371496818551e-20,4.2396530793673746e-19,3.0128650399718539e-19,0.97800264287816563,0.75550503122621104,0.75549933928045854,3.0814879110195774e-33
8100,1.1363371054780858e-17,0,5.4769501949811227e-19,2.534508832256289e-18,7.5230340157085035e-18,7.9578351524015554e-21,1.954945336765341e-20,4.2874623086917807e-19,3.0187966792872365e-19,0.97802455984975956,0.75549933928045854,0.75549386003756014,3.0814879110195774e-33
8160,1.1363371054780858e-17,0,5.4468930254255112e-19,2.5247517647045421e-18,7.5303612570593441e-18,7.958006753135456e-21,1.960871899629826e-20,4.3353245524769038e-19,3.0246954947729833e-19,0.97804564972269969,0.75549386003756014,0.75548858756932513,1.5407439555097887e-33
8220,1.1363371054780858e-17,0,5.4174927970581262e-19,2.5151946398875833e-18,7.5374217556785392e-18,7.9581718107023608e-21,1.9667179296695576e-20,4.3832380792994932e-19,3.0305622047157852e-19,0.97806593543497322,0.75548858756932513,0.75548351614125675,3.0814879110195774e-33
8280,1.1363371054780858e-17,0,5.3887335909008087e-19,2.5058328999876257e-18,7.5442217494490901e-18,7.9583305056829442e-21,1.9724845040758005e-20,4.4312011970986957e-19,3.0363975099775941e-19,0.97808543918009527,0.75548351614125675,0.75547864020497624,9.2444637330587321e-33
8340,1.1363371054780858e-17,0,5.3605999065160429e-19,2.4966620868690925e-18,7.5507673327131992e-18,7.9584830128354589e-21,1.978172686007072e-20,4.4792122522855363e-19,3.0422020944550983e-19,0.97810418243600039,0.75547864020497624,0.75547395439099985,6.1629758220391547e-33
8400,1.1363371054780858e-17,0,5.3330766487036378e-19,2.4876778402453362e-18,7.5570644594766074e-18,7.9586295013199759e-21,1.9837835247579952e-20,4.5272696288720952e-19,3.0479766255245157e-19,0.97812218599260203,0.75547395439099985,0.75546945350184946,1.0785207688568521e-32
8460,1.1363371054780858e-17,0,5.3061491147725408e-19,2.4788758958511599e-18,7.5631189465490509e-18,7.9587701349123729e-21,1.9893180559267266e-20,4.5753717476199066e-19,3.0537217544723221e-19,0.97813946997809176,0.75546945350184946,0.75546513250547709,9.2444637330587321e-33
8520,1.1363371054780858e-17,0,5.2798029823545733e-19,2.470252083623811e-18,7.5689364766216014e-18,7.958905072208571e-21,1.9947773015809584e-20,4.6235170652072616e-19,3.0594381169125356e-19,0.97815605388404037,0.75546513250547709,0.75546098652898985,9.2444637330587321e-33
8580,1.1363371054780858e-17,0,5.2540242977290894e-19,2.4618023258948031e-18,7.5745226012814986e-18,7.9590344668195854e-21,2.0001622704224698e-20,4.6717040734150159e-19,3.0651263331911147e-19,0.97817195658936917,0.75546098652898985,0.75545701085265771,9.2444637330587321e-33
8640,1.1363371054780858e-17,0,5.2287994646296904e-19,2.4535226355946943e-18,7.5798827439652907e-18,7.9591584675578219e-21,2.0054739579501899e-20,4.7199312983305288e-19,3.0707870087780112e-19,0.9781871963832468,0.75545701085265771,0.75545320090418833,1.0785207688568521e-32
8700,1.1363371054780858e-17,0,5.2041152335060097e-19,2.4454091144727345e-18,7.5850222028510221e-18,7.9592772186151308e-21,2.0107133466217939e-20,4.7681972995693472e-19,3.0764207346473819e-19,0.97820179098697158,0.75545320090418833,0.75544955225325716,6.1629758220391547e-33
8760,1.1363371054780858e-17,0,5.179958691215512e-19,2.4374579513330523e-18,7.5899461536903103e-18,7.9593908597329593e-21,2.0158814060137885e-20,4.816500669514305e-19,3.082028087646439e-19,0.97821575757488355,0.75544955225325716,0.75544606060627917,0
8820,1.1363371054780858e-17,0,5.1563172511217451e-19,2.4296654202888932e-18,7.5946596525811225e-18,7.9594995263651052e-21,2.0209790929800905e-20,4.8648400325716362e-19,3.0876096308533875e-19,0.97822911279436719,0.75544606060627917,0.75544272180140815,0
8880,1.1363371054780858e-17,0,5.1331786435772475e-19,2.4220278790362114e-18,7.5991676386821324e-18,7.9596033498333692e-21,2.0260073518090888e-20,4.9132140444437802e-19,3.0931659139248779e-19,0.97824187278498098,0.75544272180140815,0.75543953180375478,1.5407439555097887e-33
8940,1.1363371054780858e-17,0,5.110530906770547e-19,2.4145417671477859e-18,7.6034749368695598e-18,7.9597024574764957e-21,2.0309671143791759e-20,4.9616213914185091e-19,3.0986974734333831e-19,0.97825405319676262,0.75543953180375478,0.75543648670080932,0
9000,1.1363371054780858e-17,0,5.0883623779182e-19,2.4072036043888654e-18,7.6075862603373616e-18,7.9597969727927488e-21,2.0358593003127489e-20,5.0100607896740505e-19,3.1042048331948715e-19,0.97826566920775149,0.75543648670080932,0.75543358269806216,3.0814879110195774e-33
9060,1.1363371054780858e-17,0,5.0666616847839297e-19,2.4000099890552114e-18,7.6115062131416979e-18,7.9598870155764199e-21,2.0406848171286751e-20,5.0585309845998375e-19,3.10968850458715e-19,0.97827673554076555,0.75543358269806216,0.75543081611480867,6.1629758220391547e-33
9120,1.1363371054780858e-17,0,5.0454177375081818e-19,2.3929575963342931e-18,7.6152392926905921e-18,7.9599727020485655e-21,2.0454445603932142e-20,5.1070307501325772e-19,3.1151489868592139e-19,0.9782872664794694,0.75543081611480867,0.75542818338013262,4.622231866529366e-33
9180,1.1363371054780858e-17,0,5.0246197207324176e-19,2.3860431766902674e-18,7.6187898921797504e-18,7.9600541449822829e-21,2.0501394138694007e-20,5.1555588881073168e-19,3.1205867674319371e-19,0.97829727588377047,0.75542818338013262,0.75542568102905738,3.0814879110195774e-33
9240,1.1363371054780858e-17,0,5.0042570860034492e-19,2.3792635542732834e-18,7.6221623029754068e-18,7.9601314538227706e-21,2.0547702496648812e-20,5.2041142276231447e-19,3.1260023221904091e-19,0.97830677720457471,0.75542568102905738,0.7554233056988563,4.622231866529366e-33
9300,1.1363371054780858e-17,0,4.98431954444416e-19,2.3726156253535294e-18,7.6253607169451887e-18,7.9602047348024091e-21,2.0593379283782119e-20,5.2526956244232604e-19,3.131396115768207e-19,0.97831578349793014,0.7554233056988563,0.75542105412551752,7.7037197775489434e-33
9360,1.1363371054780858e-17,0,4.9647970596776469e-19,2.3660963567804097e-18,7.6283892287379102e-18,7.9602740910511567e-21,2.0638432992436096e-20,5.3013019602890523e-19,3.1367686018239001e-19,0.97832430743859422,0.75542105412551752,0.75541892314035142,9.2444637330587321e-33
9420,1.1363371054780858e-17,0,4.9456798409927661e-19,2.3597027844670802e-18,7.6312518380132733e-18,7.9603396227024206e-21,2.0682872002741692e-20,5.3499321424479296e-19,3.1421202233100281e-19,0.97833236133304624,0.75541892314035142,0.75541690966673847,1.2325951644078309e-32
9480,1.1363371054780858e-17,0,4.9269583367397185e-19,2.3534320119005938e-18,7.6339524516223335e-18,7.9604014269946598e-21,2.0726704584035404e-20,5.3985851029945489e-19,3.1474514127348424e-19,0.97833995713197353,0.75541690966673847,0.75541501071700656,1.0785207688568521e-32
9540,1.1363371054780858e-17,0,4.9086232279450205e-19,2.3472812086777491e-18,7.6364948857397644e-18,7.9604595983688975e-21,2.0769938896260723e-20,5.4472597983252001e-19,3.1527625924170259e-19,0.97834710644225642,0.75541501071700656,0.75541322338943595,9.2444637330587321e-33
9600,1.1363371054780858e-17,0,4.8906654221359144e-19,2.3412476090667561e-18,7.6388828679487421e-18,7.9605142285623724e-21,2.0812582991354344e-20,5.4959552085850262e-19,3.1580541747336248e-19,0.97835382053847786,0.75541322338943595,0.75541154486538054,1.3866695599588098e-32
9660,1.1363371054780858e-17,0,4.8730760473647449e-19,2.3353285105947183e-18,7.641120039279441e-18,7.9605654066984346e-21,2.0854644814617088e-20,5.5446703371278059e-19,3.1633265623614298e-19,0.97836011037397175,0.75541154486538054,0.75540997240650709,1.3866695599588098e-32
9720,1.1363371054780858e-17,0,4.8558464464245178e-19,2.3295212726609365e-18,7.6432099562020427e-18,7.9606132193729491e-21,2.0896132206069697e-20,5.5934042099880026e-19,3.1685801485119966e-19,0.97836598659144192,0.75540997240650709,0.75540850335213949,1.3866695599588098e-32
9780,1.1363371054780858e-17,0,4.8389681712472537e-19,2.3238233151759439e-18,7.6451560925751351e-18,7.9606577507373048e-21,2.0937052901793558e-20,5.642155875364843e-19,3.173815317160531e-19,0.97837145953316407,0.75540850335213949,0.75540713511670898,1.5407439555097887e-32
9840,1.1363371054780858e-17,0,4.8224329774773799e-19,2.3182321172261833e-18,7.6469618415504227e-18,7.96069908257819e-21,2.0977414535256304e-20,5.6909244031181357e-19,3.17903244326881e-19,0.97837653925079027,0.75540713511670898,0.75540586518730246,1.5407439555097887e-32
9900,1.1363371054780858e-17,0,4.8062328192126768e-19,2.312745215764192e-18,7.6486305174346079e-18,7.9607372943943322e-21,2.1017224638622564e-20,5.7397088842755541e-19,3.1842318930023371e-19,0.97838123551478007,0.75540586518730246,0.75540469112130504,1.6948183510607676e-32
9960,1.1363371054780858e-17,0,4.7903598439058746e-19,2.3073602043241007e-18,7.6501653575093599e-18,7.9607724634702531e-21,2.1056490644049806e-20,5.788508430551169e-19,3.1894140239419071e-19,0.9783855578234657,0.75540469112130504,0.75540361054413352,1.6948183510607676e-32
10020,1.1363371054780858e-17,0,4.7748063874202638e-19,2.3020747317622795e-18,7.6515695238101845e-18,7.9608046649472637e-21,2.1095219884969346e-20,5.8373221738749358e-19,3.1945791852897398e-19,0.97838951541177666,0.75540361054413352,0.75540262114705581,1.5407439555097887e-32
10080,1.1363371054780858e-17,0,4.7595649692331802e-19,2.2968865010228815e-18,7.6528461048650972e-18,7.9608339718917439e-21,2.1133419597352756e-20,5.8861492659329196e-19,3.1997277180703681e-19,0.97839311725963185,0.75540262114705581,0.75540172068509204,1.0785207688568521e-32
10140,1.1363371054780858e-17,0,4.7446282877814171e-19,2.2917932679280568e-18,7.6539981173939108e-18,7.960860455360873e-21,2.1171096920963593e-20,5.9349888777180003e-19,3.2048599553264087e-19,0.97839637210001773,0.75540172068509204,0.75540090697499562,1.6948183510607676e-32
10200,1.1363371054780858e-17,0,4.7299892159430306e-19,2.2867928399925577e-18,7.6550285079689316e-18,7.960884184465922e-21,2.1208258900594658e-20,5.9838401990908436e-19,3.2099762223093897e-19,0.97839928842676704,0.75540090697499562,0.75540017789330827,2.0029671421627253e-32
10260,1.1363371054780858e-17,0,4.7156407966503184e-19,2.2818830752624626e-18,7.6559401546379966e-18,7.9609052264331847e-21,2.1244912487290859e-20,6.0327024383508648e-19,3.215076836665765e-19,0.97840187450204708,0.75540017789330827,0.75539953137448823,2.0029671421627253e-32
10320,1.1363371054780858e-17,0,4.7015762386289243e-19,2.2770618811777203e-18,7.65673586851051e-18,7.960923646662671e-21,2.1281064539557765e-20,6.0815748218170302e-19,3.2201621086182657e-19,0.97840413836357365,0.75539953137448823,0.75539896540910656,1.3866695599588098e-32
10380,1.1363371054780858e-17,0,4.6877889122584179e-19,2.2723272134581991e-18,7.6574183953074019e-18,7.9609395087846718e-21,2.1316721824555935e-20,6.1304565934181767e-19,3.2252323411427002e-19,0.97840608783156224,0.75539896540910656,0.75539847804210947,1.2325951644078309e-32
10440,1.1363371054780858e-17,0,4.6742723455498074e-19,2.2676770750129248e-18,7.6579904168756599e-18,7.9609528747142357e-21,2.1351891019281202e-20,6.179347014292737e-19,3.2302878301403704e-19,0.97840773051542385,0.75539847804210947,0.75539806737114401,1.2325951644078309e-32
10500,1.1363371054780858e-17,0,4.6610202202357827e-19,2.2631095148721673e-18,7.6584545526683103e-18,7.9609638047037244e-21,2.1386578711730963e-20,6.228245362397588e-19,3.235328864606184e-19,0.97840907382022402,0.75539806737114401,0.75539773154494405,1.0785207688568521e-32
10560,1.1363371054780858e-17,0,4.6480263679696281e-19,2.2586226271420559e-18,7.6588133611905575e-18,7.9609723573934451e-21,2.1420791402056633e-20,6.2771509321258383e-19,3.2403557267926159e-19,0.97841012495290514,0.75539773154494405,0.75539746876177372,1.3866695599588098e-32
10620,1.1363371054780858e-17,0,4.6352847666289637e-19,2.2542145499813543e-18,7.6590693414127591e-18,7.9609785898604983e-21,2.1454535503702257e-20,6.3260630339333464e-19,3.2453686923696134e-19,0.97841089092829037,0.75539746876177372,0.75539727726792738,1.0785207688568521e-32
10680,1.1363371054780858e-17,0,4.6227895367206997e-19,2.249883464600057e-18,7.6592249341511026e-18,7.9609825576659032e-21,2.1487817344529671e-20,6.3749809939737933e-19,3.2503680305805723e-19,0.97841137857487515,0.75539727726792738,0.75539715535628127,1.5407439555097887e-33
10740,1.1363371054780858e-17,0,4.6105349378836563e-19,2.2456275942794522e-18,7.6592825234165554e-18,7.9609843149000312e-21,2.1520643167929939e-20,6.4239041537420844e-19,3.2553540043944795e-19,0.97841159454041127,0.75539715535628127,0.75539710136489724,1.5407439555097887e-33
10800,1.1363371054780858e-17,0,4.5985153654856076e-19,2.241445203413282e-18,7.659244437732849e-18,7.9609839142265021e-21,2.1553019133921486e-20,6.4728318697258913e-19,3.2603268706543246e-19,0.97841154529730123,0.75539710136489724,0.75539711367567475,3.0814879110195774e-33
10860,1.1363371054780858e-17,0,4.5867253473115708e-19,2.2373345965696555e-18,7.6591129514241805e-18,7.9609814069245144e-21,2.1584951320235016e-20,6.5217635130651924e-19,3.2652868802218929e-19,0.9784112371478012,0.75539711367567475,0.75539719071304967,3.0814879110195774e-33
10920,1.1363371054780858e-17,0,4.575159540340297e-19,2.2332941175733317e-18,7.6588902858733224e-18,7.960976842929727e-21,2.1616445723385157e-20,6.5706984692195827e-19,3.2702342781190321e-19,0.97841067622904543,0.75539719071304967,0.75539733094273864,3.0814879110195774e-33
10980,1.1363371054780858e-17,0,4.5638127276061229e-19,2.2293221486080253e-18,7.6585786107507578e-18,7.9609702708737368e-21,2.1647508259729145e-20,6.6196361376431803e-19,3.2751693036654717e-19,0.97840986851789735,0.75539733094273864,0.75539753287052569,4.622231866529366e-33
11040,1.1363371054780858e-17,0,4.5526798151434297e-19,2.2254171093383693e-18,7.6581800452154829e-18,7.9609617381222194e-21,2.1678144766512568e-20,6.6685759314669902e-19,3.2800921906133123e-19,0.97840881983563799,0.75539753287052569,0.7553977950410905,3.0814879110195774e-33
11100,1.1363371054780858e-17,0,4.5417558290110718e-19,2.2215774560511561e-18,7.6576966590882058e-18,7.960951290811761e-21,2.1708361002902322e-20,6.7175172771885217e-19,3.2850031672782488e-19,0.97840753585249218,0.7553977950410905,0.75539811603687701,3.0814879110195774e-33
11160,1.1363371054780858e-17,0,4.5310359123942547e-19,2.2178016808155233e-18,7.6571304739974039e-18,7.9609389738854549e-21,2.1738162651006885e-20,6.7664596143684983e-19,3.2899024566676253e-19,0.97840602209200345,0.75539811603687701,0.75539849447699914,1.5407439555097887e-33
11220,1.1363371054780858e-17,0,4.5205153227814837e-19,2.2140883106616988e-18,7.6564834644990086e-18,7.9609248311273069e-21,2.1767555316884081e-20,6.8154023953345166e-19,3.2947902766053982e-19,0.97840428393526258,0.75539849447699914,0.75539892901618433,1.5407439555097887e-33
11280,1.1363371054780858e-17,0,4.5101894292142312e-19,2.2104359067779625e-18,7.6557575591701844e-18,7.960908905195496e-21,2.1796544531536396e-20,6.8643450848914855e-19,3.2996668398540965e-19,0.97840232662499527,0.75539892901618433,0.75539941834375113,1.5407439555097887e-33
11340,1.1363371054780858e-17,0,4.5000537096071736e-19,2.2068430637254665e-18,7.6549546416778743e-18,7.9608912376545305e-21,2.1825135751894019e-20,6.9132871600386688e-19,3.3045323542338437e-19,0.97840015526951407,0.75539941834375113,0.75539996118262143,0
11400,1.1363371054780858e-17,0,4.4901037481368084e-19,2.2033084086705556e-18,7.6540765518226532e-18,7.960871869006338e-21,2.1853334361785649e-20,6.9622281096932253e-19,3.3093870227385251e-19,0.97839777484653967,0.75539996118262143,0.75540055628836511,0
11460,1.1363371054780858e-17,0,4.4803352326964657e-19,2.1998306006342563e-18,7.6531250865584129e-18,7.960850838720355e-21,2.1881145672897373e-20,7.0111674344200495e-19,3.3142310436491688e-19,0.97839519020689858,0.75540055628836511,0.75540120244827536,3.0814879110195774e-33
11520,1.1363371054780858e-17,0,4.4707439524157505e-19,2.1964083297585648e-18,7.6521020009884921e-18,7.9608281852626235e-21,2.1908574925719475e-20,7.0601046461678108e-19,3.3190646106446145e-19,0.97839240607809941,0.75540120244827536,0.75540189848047512,1.5407439555097887e-33
11580,1.1363371054780858e-17,0,4.4613257952424809e-19,2.193040316589216e-18,7.6510090093387347e-18,7.9608039461239429e-21,2.193562729048156e-20,7.1090392680110133e-19,3.3238879129095416e-19,0.97838942706779264,0.75540189848047512,0.75540264323305184,1.5407439555097887e-33
11640,1.1363371054780858e-17,0,4.4520767455854248e-19,2.1897253113745864e-18,7.649847785908021e-18,7.9607781578471351e-21,2.1962307868075974e-20,7.1579708338979642e-19,3.3287011352399092e-19,0.97838625766712128,0.75540264323305184,0.75540343558321965,1.5407439555097887e-33
11700,1.1363371054780858e-17,0,4.4429928820159775e-19,2.1864620933803962e-18,7.6486199659968014e-18,7.9607508560534074e-21,2.1988621690969617e-20,7.2068988884045035e-19,3.33350445814589e-19,0.97838290225396152,0.75540343558321965,0.75540427443650959,0
11760,1.1363371054780858e-17,0,4.4340703750271835e-19,2.1832494702198839e-18,7.6473271468141143e-18,7.9607220754679056e-21,2.2014573724104365e-20,7.2558229864933582e-19,3.3382980579523495e-19,0.9783793650960626,0.75540427443650959,0.75540515872598435,0
11820,1.1363371054780858e-17,0,4.4253054848484405e-19,2.1800862771991423e-18,7.6459708883635473e-18,7.9606918499444383e-21,2.2040168865786199e-20,7.3047426932790139e-19,3.3430821068969406e-19,0.9783756503540858,0.75540515872598435,0.75540608741147852,1.5407439555097887e-33
11880,1.1363371054780858e-17,0,4.4166945593143761e-19,2.1769713766772712e-18,7.6445527143087199e-18,7.9606602124894288e-21,2.2065411948563169e-20,7.3536575837979497e-19,3.3478567732258604e-19,0.9783717620845479,0.75540608741147852,0.755407059478863,4.622231866529366e-33
11940,1.1363371054780858e-17,0,4.408234031786363e-19,2.1739036574410585e-18,7.6430741128186413e-18,7.9606271952851199e-21,2.2090307740092211e-20,7.4025672427841341e-19,3.352622221287335e-19,0.97836770424267339,0.755407059478863,0.75540807393933163,3.0814879110195774e-33
12000,1.1363371054780858e-17,0,4.3999204191252196e-19,2.17088203409387e-18,7.6415365373935095e-18,7.9605928297120483e-21,2.2114860943995082e-20,7.4514712644496399e-19,3.3573786116228885e-19,0.97836348068515633,0.75540807393933163,0.75540912982871089,3.0814879110195774e-33
12060,1.1363371054780858e-17,0,4.3917503197137396e-19,2.1679054464584383e-18,7.6399414076712985e-18,7.9605571463708303e-21,2.213907620070347e-20,7.5003692522702908e-19,3.3621261010564546e-19,0.97835909517283792,0.75540912982871089,0.75541022620679055,1.5407439555097887e-33
12120,1.1363371054780858e-17,0,4.383720411527655e-19,2.164972858993263e-18,7.6382901102156774e-18,7.9605201751032722e-21,2.2162958088293425e-20,7.5492608187761867e-19,3.3668648427813731e-19,0.97835455137330096,0.75541022620679055,0.7554113621566747,0
12180,1.1363371054780858e-17,0,4.375827450253745e-19,2.1620832602223219e-18,7.6365839992856032e-18,7.9604819450128308e-21,2.2186511123309126e-20,7.5981455853470458e-19,3.3715949864453277e-19,0.97834985286338461,0.7554113621566747,0.75541253678415388,1.5407439555097887e-33
12240,1.1363371054780858e-17,0,4.3680682674538447e-19,2.1592356621778021e-18,7.6348243975870697e-18,7.9604424844844517e-21,2.2209739761576263e-20,7.647023182012187e-19,3.3763166782332782e-19,0.97834500313162209,0.75541253678415388,0.75541374921709448,6.1629758220391547e-33
12300,1.1363371054780858e-17,0,4.3604397687735233e-19,2.1564290998555773e-18,7.633012597007372e-18,7.9604018212038035e-21,2.2232648399005121e-20,7.6958932472551107e-19,3.3810300609484372e-19,0.97834000558060519,0.75541374921709448,0.75541499860484873,7.7037197775489434e-33
12360,1.1363371054780858e-17,0,4.3529389321942343e-19,2.1536626306831407e-18,7.6311498593323553e-18,7.9603599821759405e-21,2.2255241372383241e-20,7.7447554278225314e-19,3.3857352740913307e-19,0.97833486352927757,0.75541499860484873,0.75541628411768058,7.7037197775489434e-33
12420,1.1363371054780858e-17,0,4.3455628063278211e-19,2.1509353339997292e-18,7.629237416946974e-18,7.9603169937433877e-21,2.2277522960158207e-20,7.7936093785377703e-19,3.3904324539369987e-19,0.97832958021515748,0.75541628411768058,0.75541760494621069,4.622231866529366e-33
12480,1.1363371054780858e-17,0,4.3383085087522682e-19,2.1482463105483617e-18,7.6272764735195812e-18,7.9602728816036962e-21,2.2299497383210283e-20,7.842454762118415e-19,3.3951217336103696e-19,0.97832415879649526,0.75541760494621069,0.75541896030087619,6.1629758220391547e-33
12540,1.1363371054780858e-17,0,4.3311732243876018e-19,2.1455946819795396e-18,7.6252682046703185e-18,7.9602276708264732e-21,2.2321168805615239e-20,7.8912912489981461e-19,3.3998032431598634e-19,0.97831860235436663,0.75541896030087619,0.75542034941140834,3.0814879110195774e-33
12600,1.1363371054780858e-17,0,4.3241542039109357e-19,2.1429795903663387e-18,7.6232137586239678e-18,7.9601813858699051e-21,2.2342541335397373e-20,7.9401185171526243e-19,3.4044771096292698e-19,0.97831291389470287,0.75542034941140834,0.75542177152632428,3.0814879110195774e-33
12660,1.1363371054780858e-17,0,4.3172487622096329e-19,2.1404001977306539e-18,7.6211142568476437e-18,7.9601340505968056e-21,2.2363619025272934e-20,7.9889362519293482e-19,3.4091434571279126e-19,0.97830709635026369,0.75542177152632428,0.75542322591243405,0
12720,1.1363371054780858e-17,0,4.3104542768716138e-19,2.1378556855803312e-18,7.6189707946736315e-18,7.960085688290163e-21,2.2384405873383924e-20,8.0377441458814145e-19,3.4138024068991924e-19,0.97830115258254779,0.75542322591243405,0.75542471185436311,0
12780,1.1363371054780858e-17,0,4.3037681867118673e-19,2.1353452544569547e-18,7.6167844419077684e-18,7.9600363216682772e-21,2.2404905824022575e-20,8.0865418986050526e-19,3.4184540773874969e-19,0.97829508538365306,0.75542471185436311,0.75542622865408671,3.0814879110195774e-33
12840,1.1363371054780858e-17,0,4.2971879903342412e-19,2.1328681234940557e-18,7.614556243423687e-18,7.9599859728994097e-21,2.2425122768346417e-20,8.1353292165808735e-19,3.4230985843035464e-19,0.97828889747807735,0.75542622865408671,0.75542777563048069,4.622231866529366e-33
12900,1.1363371054780858e-17,0,4.2907112447276173e-19,2.1304235299854916e-18,7.6122872197432042e-18,7.959934663616045e-21,2.2445060545084201e-20,8.1841058130187409e-19,3.4277360406882074e-19,0.97828259152447083,0.75542777563048069,0.75542935211888229,4.622231866529366e-33
12960,1.1363371054780858e-17,0,4.2843355638956143e-19,2.128010728963782e-18,7.6099783676032456e-18,7.9598824149287226e-21,2.2464722941232725e-20,8.2328714077061824e-19,3.4323665569748036e-19,0.97827617011733647,0.75542935211888229,0.75543095747066591,9.2444637330587321e-33
13020,1.1363371054780858e-17,0,4.2780586175189651e-19,2.1256289927881729e-18,7.6076306605095723e-18,7.9598292474394851e-21,2.2484113692744612e-20,8.2816257268602626e-19,3.4369902410499677e-19,0.97826963578868253,0.75543095747066591,0.75543259105282934,9.2444637330587321e-33
13080,1.1363371054780858e-17,0,4.2718781296497732e-19,2.1232776107422074e-18,7.6052450492776106e-18,7.9597751812549194e-21,2.2503236485207232e-20,8.3303685029828159e-19,3.4416071983130646e-19,0.97826299100962522,0.75543259105282934,0.75543425224759364,1.3866695599588098e-32
13140,1.1363371054780858e-17,0,4.2657918774368243e-19,2.1209558886405902e-18,7.6028224625607399e-18,7.9597202359988553e-21,2.2522094954512915e-20,8.3790994747189994e-19,3.4462175317342213e-19,0.9782562381919494,0.75543425224759364,0.75543594045201268,1.0785207688568521e-32
13200,1.1363371054780858e-17,0,4.2597976898812042e-19,2.1186631484451312e-18,7.6003638073662427e-18,7.9596644308246886e-21,2.2540692687520422e-20,8.4278183867190563e-19,3.4508213419109926e-19,0.97824937968962355,0.75543594045201268,0.75543765507759408,1.3866695599588098e-32
13260,1.1363371054780858e-17,0,4.2538934466214654e-19,2.1163987278895762e-18,7.59786996955929e-18,7.9596077844273521e-21,2.2559033222707827e-20,8.4765249895032466e-19,3.455418727123711e-19,0.97824241780027033,0.75543765507759408,0.75543939554993245,1.3866695599588098e-32
13320,1.1363371054780858e-17,0,4.248077076747614e-19,2.1141619801130973e-18,7.5953418143551825e-18,7.9595503150549599e-21,2.257712005081701e-20,8.5252190393298315e-19,3.4600097833895274e-19,0.97823535476659818,0.75543939554993245,0.75544116130835048,7.7037197775489434e-33
13380,1.1363371054780858e-17,0,4.2423465576432024e-19,2.1119522733022734e-18,7.5927801868001137e-18,7.9594920405201309e-21,2.2594956615489775e-20,8.5739002980660859e-19,3.4645946045151915e-19,0.97822819277779283,0.75544116130835048,0.75544295180555177,1.2325951644078309e-32
13440,1.1363371054780858e-17,0,4.2366999138548457e-19,2.109768990341351e-18,7.5901859122408195e-18,7.9594329782109778e-21,2.2612546313895639e-20,8.6225685330622408e-19,3.4691732821485927e-19,0.97822093397086773,0.75544295180555177,0.75544476650728309,1.3866695599588098e-32
13500,1.1363371054780858e-17,0,4.2311352159884893e-19,2.1076115284706002e-18,7.5875597967832068e-18,7.959373145101809e-21,2.2629892497351537e-20,8.6712235170283007e-19,3.4737459058291038e-19,0.97821358043197948,0.75544476650728309,0.7554466048920051,9.2444637330587321e-33
13560,1.1363371054780858e-17,0,4.2256505796317651e-19,2.1054792989525799e-18,7.5849026277403588e-18,7.9593125577635229e-21,2.2646998471933447e-20,8.7198650279136496e-19,3.4783125630367386e-19,0.97820613419770541,0.7554466048920051,0.75544846645057362,6.1629758220391547e-33
13620,1.1363371054780858e-17,0,4.2202441643018087e-19,2.1033717267461399e-18,7.5822151740701213e-18,7.9592512323737324e-21,2.2663867499080047e-20,8.768492848789436e-19,3.4828733392401571e-19,0.97819859725628744,0.75544846645057362,0.75545035068592814,3.0814879110195774e-33
13680,1.1363371054780858e-17,0,4.2149141724179236e-19,2.101288250187962e-18,7.5794981868024748e-18,7.9591891847265826e-21,2.26805027961885e-20,8.8171067677335809e-19,3.487428317943561e-19,0.97819097154883916,0.75545035068592814,0.75545225711279018,1.5407439555097887e-33
13740,1.1363371054780858e-17,0,4.2096588482984717e-19,2.0992283206815057e-18,7.5767523994569679e-18,7.9591264302423312e-21,2.2696907537202514e-20,8.8657065777184547e-19,3.4919775807324779e-19,0.97818325897052316,0.75545225711279018,0.75545418525736918,1.5407439555097887e-33
13800,1.1363371054780858e-17,0,4.2044764771814246e-19,2.097191402393133e-18,7.5739785284504569e-18,7.9590629839766572e-21,2.2713084853192668e-20,8.9142920765010621e-19,3.4965212073184821e-19,0.97817546137169487,0.75545418525736918,0.75545613465707628,1.5407439555097887e-33
13860,1.1363371054780858e-17,0,4.1993653842679859e-19,2.0951769719553083e-18,7.5711772734953278e-18,7.9589988606297022e-21,2.27290378329292e-20,8.9628630665157749e-19,3.50105927558287e-19,0.97816758055901398,0.75545613465707628,0.75545810486024645,1.5407439555097887e-33
13920,1.1363371054780858e-17,0,4.194323933788739e-19,2.0931845181766653e-18,7.5683493179884388e-18,7.9589340745548865e-21,2.2744769523447337e-20,9.0114193547694483e-19,3.5055918616193131e-19,0.97815961829652776,0.75545810486024645,0.75546009542586812,1.5407439555097887e-33
13980,1.1363371054780858e-17,0,4.1893505280917737e-19,2.0912135417588031e-18,7.5654953293910508e-18,7.9588686397674852e-21,2.2760282930605169e-20,9.0599607527389823e-19,3.5101190397755208e-19,0.978151576306725,0.75546009542586812,0.75546210592331875,3.0814879110195774e-33
14040,1.1363371054780858e-17,0,4.1844436067522618e-19,2.0892635550196533e-18,7.56261595959988e-18,7.9588025699529655e-21,2.2775581019634261e-20,9.1084870762711675e-19,3.5146408826939172e-19,0.9781434562715613,0.75546210592331875,0.7554641359321097,4.622231866529366e-33
14100,1.1363371054780858e-17,0,4.1796016457029721e-19,2.0873340816232684e-18,7.5597118453095105e-18,7.9587358784751068e-21,2.279066671568311e-20,9.1569981454848078e-19,3.5191574613513777e-19,0.97813525983345606,0.7554641359321097,0.75546618504163598,6.1629758220391547e-33
14160,1.1363371054780858e-17,0,4.1748231563852207e-19,2.0854246563158811e-18,7.5567836083663981e-18,7.9586685783838992e-21,2.2805542904353337e-20,9.2054937846750995e-19,3.5236688450980367e-19,0.9781269885962639,0.75546618504163598,0.755468252850934,4.622231866529366e-33
14220,1.1363371054780858e-17,0,4.1701066849197563e-19,2.0835348246680922e-18,7.5538318561145939e-18,7.9586006824232452e-21,2.2820212432229026e-20,9.2539738222201546e-19,3.5281751016951835e-19,0.97811864412622118,0.755468252850934,0.75547033896844473,1.0785207688568521e-32
14280,1.1363371054780858e-17,0,4.1654508112971233e-19,2.0816641428230417e-18,7.5508571817334611e-18,7.9585322030384424e-21,2.2834678107398987e-20,9.3024380904896615e-19,3.5326762973522834e-19,0.97811022795286529,0.75547033896844473,0.75547244301178362,1.0785207688568521e-32
14340,1.1363371054780858e-17,0,4.1608541485870226e-19,2.0798121772504289e-18,7.5478601645674897e-18,7.958463152383472e-21,2.2848942699972254e-20,9.3508864257555837e-19,3.5371724967631218e-19,0.97810174156993046,0.75547244301178362,0.75547456460751738,1.0785207688568521e-32
14400,1.1363371054780858e-17,0,4.1563153421662289e-19,2.0779785045062494e-18,7.5448413704484495e-18,7.958393542328108e-21,2.2863008942586751e-20,9.3993186681049631e-19,3.5416637631411122e-19,0.97809318643622212,0.75547456460751738,0.75547670339094442,1.3866695599588098e-32
